"id","name","alt","uploader_category_id","user_id","publish_begin","publish_end","created","modified"
"1","ratio_3_2_install.jpg","ratio_3_2_install.jpg","1","1","","","2015-11-01 03:35:39","2015-11-01 03:44:22"
"2","ratio_3_2_siteconfig_01.jpg","ratio_3_2_siteconfig_01.jpg","1","1","","","2015-11-01 03:43:30","2015-11-01 03:44:39"
"3","ratio_3_2_form_01.jpg","ratio_3_2_form_01.jpg","","1","","","2015-11-01 04:06:56","2015-11-01 04:06:56"
"4","ratio_3_2_color.jpg","ratio_3_2_color.jpg","1","1","","","2015-11-01 14:00:28","2015-11-01 14:00:28"
"5","ratio_3_2_main_image_01.jpg","ratio_3_2_main_image_01.jpg","1","1","","","2015-11-01 15:17:59","2015-11-01 15:17:59"
"6","ratio_3_2_sns.jpg","ratio_3_2_sns.jpg","1","1","","","2015-11-01 17:29:00","2015-11-01 17:29:01"
"7","ratio_3_2_widget_01.jpg","ratio_3_2_widget_01.jpg","1","1","","","2015-11-01 18:04:26","2015-11-01 18:04:27"
"8","ratio_3_2_logo_01.jpg","ratio_3_2_logo_01.jpg","1","1","","","2015-11-01 18:20:11","2015-11-01 18:20:11"
"9","ratio_3_2_logo_02.jpg","ratio_3_2_logo_02.jpg","1","1","","","2015-11-01 18:20:33","2015-11-01 18:20:33"
"10","ratio_3_2_mainimg.jpg","ratio_3_2_mainimg.jpg","1","1","","","2015-11-01 19:30:43","2015-11-01 19:30:43"
